wavelength,photoabsorption,photodissociation,photoionisation
82.7,6.42E-18,0.00E+00,6.42E-18
82.8,6.60E-18,0.00E+00,6.60E-18
82.9,6.85E-18,0.00E+00,6.85E-18
83,7.09E-18,0.00E+00,7.09E-18
83.1,7.33E-18,0.00E+00,7.33E-18
83.2,7.64E-18,0.00E+00,7.64E-18
83.3,7.97E-18,0.00E+00,7.97E-18
83.4,8.30E-18,0.00E+00,8.30E-18
83.5,8.63E-18,0.00E+00,8.63E-18
83.6,8.96E-18,0.00E+00,8.96E-18
83.7,9.30E-18,0.00E+00,9.30E-18
83.8,9.74E-18,0.00E+00,9.74E-18
83.9,1.02E-17,0.00E+00,1.02E-17
84,1.06E-17,0.00E+00,1.06E-17
84.1,1.11E-17,0.00E+00,1.11E-17
84.2,1.15E-17,0.00E+00,1.15E-17
84.3,1.20E-17,0.00E+00,1.20E-17
84.4,1.26E-17,0.00E+00,1.26E-17
84.5,1.32E-17,0.00E+00,1.32E-17
84.6,1.38E-17,0.00E+00,1.38E-17
84.7,1.44E-17,0.00E+00,1.44E-17
84.8,1.50E-17,0.00E+00,1.50E-17
84.9,1.57E-17,0.00E+00,1.57E-17
85,1.65E-17,0.00E+00,1.65E-17
85.1,1.73E-17,0.00E+00,1.73E-17
85.2,1.80E-17,0.00E+00,1.80E-17
85.3,1.88E-17,0.00E+00,1.88E-17
85.4,1.96E-17,0.00E+00,1.96E-17
85.5,2.06E-17,0.00E+00,2.06E-17
85.6,2.15E-17,0.00E+00,2.15E-17
85.7,2.25E-17,0.00E+00,2.25E-17
85.8,2.34E-17,0.00E+00,2.34E-17
85.9,2.44E-17,0.00E+00,2.44E-17
86,2.55E-17,0.00E+00,2.55E-17
86.1,2.66E-17,0.00E+00,2.66E-17
86.2,2.77E-17,0.00E+00,2.77E-17
86.3,2.89E-17,0.00E+00,2.89E-17
86.4,3.00E-17,0.00E+00,3.00E-17
86.5,3.13E-17,0.00E+00,3.13E-17
86.6,3.26E-17,0.00E+00,3.26E-17
86.7,3.38E-17,0.00E+00,3.38E-17
86.8,3.51E-17,0.00E+00,3.51E-17
86.9,3.64E-17,0.00E+00,3.64E-17
87,3.78E-17,0.00E+00,3.78E-17
87.1,3.93E-17,0.00E+00,3.93E-17
87.2,4.07E-17,0.00E+00,4.07E-17
87.3,4.21E-17,6.69E-18,3.54E-17
87.4,4.36E-17,4.36E-17,0.00E+00
87.5,4.51E-17,4.51E-17,0.00E+00
87.6,4.67E-17,4.67E-17,0.00E+00
87.7,4.82E-17,4.82E-17,0.00E+00
87.8,4.98E-17,4.98E-17,0.00E+00
87.9,5.14E-17,5.14E-17,0.00E+00
88,5.30E-17,5.30E-17,0.00E+00
88.1,5.46E-17,5.46E-17,0.00E+00
88.2,5.63E-17,5.63E-17,0.00E+00
88.3,5.80E-17,5.80E-17,0.00E+00
88.4,5.96E-17,5.96E-17,0.00E+00
88.5,6.13E-17,6.13E-17,0.00E+00
88.6,6.29E-17,6.29E-17,0.00E+00
88.7,6.46E-17,6.46E-17,0.00E+00
88.8,6.63E-17,6.63E-17,0.00E+00
88.9,6.80E-17,6.80E-17,0.00E+00
89,6.96E-17,6.96E-17,0.00E+00
89.1,7.13E-17,7.13E-17,0.00E+00
89.2,7.29E-17,7.29E-17,0.00E+00
89.3,7.45E-17,7.45E-17,0.00E+00
89.4,7.61E-17,7.61E-17,0.00E+00
89.5,7.76E-17,7.76E-17,0.00E+00
89.6,7.92E-17,7.92E-17,0.00E+00
89.7,8.07E-17,8.07E-17,0.00E+00
89.8,8.20E-17,8.20E-17,0.00E+00
89.9,8.34E-17,8.34E-17,0.00E+00
90,8.48E-17,8.48E-17,0.00E+00
90.1,8.61E-17,8.61E-17,0.00E+00
90.2,8.72E-17,8.72E-17,0.00E+00
90.3,8.83E-17,8.83E-17,0.00E+00
90.4,8.94E-17,8.94E-17,0.00E+00
90.5,9.05E-17,9.05E-17,0.00E+00
90.6,9.13E-17,9.13E-17,0.00E+00
90.7,9.21E-17,9.21E-17,0.00E+00
90.8,9.29E-17,9.29E-17,0.00E+00
90.9,9.36E-17,9.36E-17,0.00E+00
91,9.40E-17,9.40E-17,0.00E+00
91.1,9.45E-17,9.45E-17,0.00E+00
91.2,9.49E-17,9.49E-17,0.00E+00
91.3,9.52E-17,9.52E-17,0.00E+00
91.4,9.52E-17,9.52E-17,0.00E+00
91.5,9.52E-17,9.52E-17,0.00E+00
91.6,9.52E-17,9.52E-17,0.00E+00
91.7,9.50E-17,9.50E-17,0.00E+00
91.8,9.46E-17,9.46E-17,0.00E+00
91.9,9.43E-17,9.43E-17,0.00E+00
92,9.38E-17,9.38E-17,0.00E+00
92.1,9.32E-17,9.32E-17,0.00E+00
92.2,9.25E-17,9.25E-17,0.00E+00
92.3,9.18E-17,9.18E-17,0.00E+00
92.4,9.10E-17,9.10E-17,0.00E+00
92.5,9.00E-17,9.00E-17,0.00E+00
92.6,8.91E-17,8.91E-17,0.00E+00
92.7,8.83E-17,8.83E-17,0.00E+00
92.8,8.72E-17,8.72E-17,0.00E+00
92.9,8.63E-17,8.63E-17,0.00E+00
93,8.54E-17,8.54E-17,0.00E+00
93.1,8.45E-17,8.45E-17,0.00E+00
93.2,8.32E-17,8.32E-17,0.00E+00
93.3,8.17E-17,8.17E-17,0.00E+00
93.4,7.94E-17,7.94E-17,0.00E+00
93.5,7.60E-17,7.60E-17,0.00E+00
93.6,7.14E-17,7.14E-17,0.00E+00
93.7,6.61E-17,6.61E-17,0.00E+00
93.8,6.11E-17,6.11E-17,0.00E+00
93.9,5.66E-17,5.66E-17,0.00E+00
94,5.26E-17,5.26E-17,0.00E+00
94.1,4.91E-17,4.91E-17,0.00E+00
94.2,4.58E-17,4.58E-17,0.00E+00
94.3,4.22E-17,4.22E-17,0.00E+00
94.4,3.67E-17,3.67E-17,0.00E+00
94.5,3.07E-17,3.07E-17,0.00E+00
94.6,2.82E-17,2.82E-17,0.00E+00
94.7,2.64E-17,2.64E-17,0.00E+00
94.8,2.46E-17,2.46E-17,0.00E+00
94.9,2.28E-17,2.28E-17,0.00E+00
95,2.12E-17,2.12E-17,0.00E+00
95.1,1.96E-17,1.96E-17,0.00E+00
95.2,1.80E-17,1.80E-17,0.00E+00
95.3,1.66E-17,1.66E-17,0.00E+00
95.4,1.53E-17,1.53E-17,0.00E+00
95.5,1.39E-17,1.39E-17,0.00E+00
95.6,1.27E-17,1.27E-17,0.00E+00
95.7,1.16E-17,1.16E-17,0.00E+00
95.8,1.05E-17,1.05E-17,0.00E+00
95.9,9.57E-18,9.57E-18,0.00E+00
96,8.68E-18,8.68E-18,0.00E+00
96.1,7.81E-18,7.81E-18,0.00E+00
96.2,7.08E-18,7.08E-18,0.00E+00
96.3,6.41E-18,6.41E-18,0.00E+00
96.4,5.75E-18,5.75E-18,0.00E+00
96.5,5.21E-18,5.21E-18,0.00E+00
96.6,4.72E-18,4.72E-18,0.00E+00
96.7,4.24E-18,4.24E-18,0.00E+00
96.8,3.87E-18,3.87E-18,0.00E+00
96.9,3.52E-18,3.52E-18,0.00E+00
97,3.19E-18,3.19E-18,0.00E+00
97.1,2.95E-18,2.95E-18,0.00E+00
97.2,2.73E-18,2.73E-18,0.00E+00
97.3,2.51E-18,2.51E-18,0.00E+00
97.4,2.35E-18,2.35E-18,0.00E+00
97.5,2.22E-18,2.22E-18,0.00E+00
97.6,2.08E-18,2.08E-18,0.00E+00
97.7,1.99E-18,1.99E-18,0.00E+00
97.8,1.91E-18,1.91E-18,0.00E+00
97.9,1.84E-18,1.84E-18,0.00E+00
98,1.80E-18,1.80E-18,0.00E+00
98.1,1.77E-18,1.77E-18,0.00E+00
98.2,1.74E-18,1.74E-18,0.00E+00
98.3,1.72E-18,1.72E-18,0.00E+00
98.4,1.71E-18,1.71E-18,0.00E+00
98.5,1.71E-18,1.71E-18,0.00E+00
98.6,1.71E-18,1.71E-18,0.00E+00
98.7,1.73E-18,1.73E-18,0.00E+00
98.8,1.75E-18,1.75E-18,0.00E+00
98.9,1.77E-18,1.77E-18,0.00E+00
99,1.79E-18,1.79E-18,0.00E+00
99.1,1.82E-18,1.82E-18,0.00E+00
99.2,1.85E-18,1.85E-18,0.00E+00
99.3,1.88E-18,1.88E-18,0.00E+00
99.4,1.92E-18,1.92E-18,0.00E+00
99.5,1.96E-18,1.96E-18,0.00E+00
99.6,2.00E-18,2.00E-18,0.00E+00
99.7,2.05E-18,2.05E-18,0.00E+00
99.8,2.09E-18,2.09E-18,0.00E+00
99.9,2.14E-18,2.14E-18,0.00E+00
100,2.19E-18,2.19E-18,0.00E+00
100.1,2.24E-18,2.24E-18,0.00E+00
100.2,2.29E-18,2.29E-18,0.00E+00
100.3,2.35E-18,2.35E-18,0.00E+00
100.4,2.40E-18,2.40E-18,0.00E+00
100.5,2.46E-18,2.46E-18,0.00E+00
100.6,2.52E-18,2.52E-18,0.00E+00
100.7,2.58E-18,2.58E-18,0.00E+00
100.8,2.65E-18,2.65E-18,0.00E+00
100.9,2.71E-18,2.71E-18,0.00E+00
101,2.77E-18,2.77E-18,0.00E+00
101.1,2.84E-18,2.84E-18,0.00E+00
101.2,2.92E-18,2.92E-18,0.00E+00
101.3,2.99E-18,2.99E-18,0.00E+00
101.4,3.07E-18,3.07E-18,0.00E+00
101.5,3.14E-18,3.14E-18,0.00E+00
101.6,3.22E-18,3.22E-18,0.00E+00
101.7,3.30E-18,3.30E-18,0.00E+00
101.8,3.38E-18,3.38E-18,0.00E+00
101.9,3.48E-18,3.48E-18,0.00E+00
102,3.57E-18,3.57E-18,0.00E+00
102.1,3.67E-18,3.67E-18,0.00E+00
102.2,3.76E-18,3.76E-18,0.00E+00
102.3,3.86E-18,3.86E-18,0.00E+00
102.4,3.95E-18,3.95E-18,0.00E+00
102.5,4.05E-18,4.05E-18,0.00E+00
102.6,4.17E-18,4.17E-18,0.00E+00
102.7,4.30E-18,4.30E-18,0.00E+00
102.8,4.43E-18,4.43E-18,0.00E+00
102.9,4.55E-18,4.55E-18,0.00E+00
103,4.67E-18,4.67E-18,0.00E+00
103.1,4.80E-18,4.80E-18,0.00E+00
103.2,4.93E-18,4.93E-18,0.00E+00
103.3,5.10E-18,5.10E-18,0.00E+00
103.4,5.27E-18,5.27E-18,0.00E+00
103.5,5.44E-18,5.44E-18,0.00E+00
103.6,5.61E-18,5.61E-18,0.00E+00
103.7,5.79E-18,5.79E-18,0.00E+00
103.8,5.97E-18,5.97E-18,0.00E+00
103.9,6.21E-18,6.21E-18,0.00E+00
104,6.46E-18,6.46E-18,0.00E+00
104.1,6.70E-18,6.70E-18,0.00E+00
104.2,6.95E-18,6.95E-18,0.00E+00
104.3,7.19E-18,7.19E-18,0.00E+00
104.4,7.43E-18,7.43E-18,0.00E+00
104.5,7.74E-18,7.74E-18,0.00E+00
104.6,8.08E-18,8.08E-18,0.00E+00
104.7,8.44E-18,8.44E-18,0.00E+00
104.8,8.79E-18,8.79E-18,0.00E+00
104.9,9.14E-18,9.14E-18,0.00E+00
105,9.50E-18,9.50E-18,0.00E+00
105.1,9.89E-18,9.89E-18,0.00E+00
105.2,1.03E-17,1.03E-17,0.00E+00
105.3,1.07E-17,1.07E-17,0.00E+00
105.4,1.10E-17,1.10E-17,0.00E+00
105.5,1.15E-17,1.15E-17,0.00E+00
105.6,1.19E-17,1.19E-17,0.00E+00
105.7,1.23E-17,1.23E-17,0.00E+00
105.8,1.28E-17,1.28E-17,0.00E+00
105.9,1.32E-17,1.32E-17,0.00E+00
106,1.36E-17,1.36E-17,0.00E+00
106.1,1.40E-17,1.40E-17,0.00E+00
106.2,1.43E-17,1.43E-17,0.00E+00
106.3,1.46E-17,1.46E-17,0.00E+00
106.4,1.49E-17,1.49E-17,0.00E+00
106.5,1.53E-17,1.53E-17,0.00E+00
106.6,1.56E-17,1.56E-17,0.00E+00
106.7,1.59E-17,1.59E-17,0.00E+00
106.8,1.61E-17,1.61E-17,0.00E+00
106.9,1.63E-17,1.63E-17,0.00E+00
107,1.65E-17,1.65E-17,0.00E+00
107.1,1.67E-17,1.67E-17,0.00E+00
107.2,1.69E-17,1.69E-17,0.00E+00
107.3,1.70E-17,1.70E-17,0.00E+00
107.4,1.71E-17,1.71E-17,0.00E+00
107.5,1.72E-17,1.72E-17,0.00E+00
107.6,1.73E-17,1.73E-17,0.00E+00
107.7,1.74E-17,1.74E-17,0.00E+00
107.8,1.75E-17,1.75E-17,0.00E+00
107.9,1.76E-17,1.76E-17,0.00E+00
108,1.77E-17,1.77E-17,0.00E+00
108.1,1.77E-17,1.77E-17,0.00E+00
108.2,1.77E-17,1.77E-17,0.00E+00
108.3,1.76E-17,1.76E-17,0.00E+00
108.4,1.76E-17,1.76E-17,0.00E+00
108.5,1.76E-17,1.76E-17,0.00E+00
108.6,1.75E-17,1.75E-17,0.00E+00
108.7,1.75E-17,1.75E-17,0.00E+00
108.8,1.75E-17,1.75E-17,0.00E+00
108.9,1.75E-17,1.75E-17,0.00E+00
109,1.75E-17,1.75E-17,0.00E+00
109.1,1.75E-17,1.75E-17,0.00E+00
109.2,1.74E-17,1.74E-17,0.00E+00
109.3,1.74E-17,1.74E-17,0.00E+00
109.4,1.75E-17,1.75E-17,0.00E+00
109.5,1.76E-17,1.76E-17,0.00E+00
109.6,1.77E-17,1.77E-17,0.00E+00
109.7,1.78E-17,1.78E-17,0.00E+00
109.8,1.81E-17,1.81E-17,0.00E+00
109.9,1.90E-17,1.90E-17,0.00E+00
110,2.00E-17,2.00E-17,0.00E+00
110.1,2.10E-17,2.10E-17,0.00E+00
110.2,2.30E-17,2.30E-17,0.00E+00
110.3,2.85E-17,2.85E-17,0.00E+00
110.4,3.51E-17,3.51E-17,0.00E+00
110.5,6.40E-17,6.40E-17,0.00E+00
110.6,1.99E-16,1.99E-16,0.00E+00
110.7,1.23E-16,1.23E-16,0.00E+00
110.8,8.05E-17,8.05E-17,0.00E+00
110.9,6.67E-17,6.67E-17,0.00E+00
111,5.79E-17,5.79E-17,0.00E+00
111.1,5.28E-17,5.28E-17,0.00E+00
111.2,4.87E-17,4.87E-17,0.00E+00
111.3,4.61E-17,4.61E-17,0.00E+00
111.4,4.39E-17,4.39E-17,0.00E+00
111.5,4.31E-17,4.31E-17,0.00E+00
111.6,4.26E-17,4.26E-17,0.00E+00
111.7,4.38E-17,4.38E-17,0.00E+00
111.8,4.62E-17,4.62E-17,0.00E+00
111.9,5.10E-17,5.10E-17,0.00E+00
112,6.01E-17,6.01E-17,0.00E+00
112.1,7.76E-17,7.76E-17,0.00E+00
112.2,5.06E-17,5.06E-17,0.00E+00
112.3,4.02E-18,4.02E-18,0.00E+00
112.4,3.86E-18,3.86E-18,0.00E+00
112.5,3.71E-18,3.71E-18,0.00E+00
112.6,3.56E-18,3.56E-18,0.00E+00
112.7,3.41E-18,3.41E-18,0.00E+00
112.8,3.27E-18,3.27E-18,0.00E+00
112.9,3.14E-18,3.14E-18,0.00E+00
113,3.01E-18,3.01E-18,0.00E+00
113.1,2.89E-18,2.89E-18,0.00E+00
113.2,2.77E-18,2.77E-18,0.00E+00
113.3,2.64E-18,2.64E-18,0.00E+00
113.4,2.53E-18,2.53E-18,0.00E+00
113.5,2.41E-18,2.41E-18,0.00E+00
113.6,2.29E-18,2.29E-18,0.00E+00
113.7,2.18E-18,2.18E-18,0.00E+00
113.8,2.07E-18,2.07E-18,0.00E+00
113.9,1.96E-18,1.96E-18,0.00E+00
114,1.85E-18,1.85E-18,0.00E+00
114.1,1.76E-18,1.76E-18,0.00E+00
114.2,1.68E-18,1.68E-18,0.00E+00
114.3,1.61E-18,1.61E-18,0.00E+00
114.4,1.53E-18,1.53E-18,0.00E+00
114.5,1.46E-18,1.46E-18,0.00E+00
114.6,1.39E-18,1.39E-18,0.00E+00
114.7,1.32E-18,1.32E-18,0.00E+00
114.8,1.25E-18,1.25E-18,0.00E+00
114.9,1.18E-18,1.18E-18,0.00E+00
115,1.11E-18,1.11E-18,0.00E+00
115.1,1.05E-18,1.05E-18,0.00E+00
115.2,9.80E-19,9.80E-19,0.00E+00
115.3,9.19E-19,9.19E-19,0.00E+00
115.4,8.80E-19,8.80E-19,0.00E+00
115.5,8.43E-19,8.43E-19,0.00E+00
115.6,8.08E-19,8.08E-19,0.00E+00
115.7,7.73E-19,7.73E-19,0.00E+00
115.8,7.38E-19,7.38E-19,0.00E+00
115.9,7.04E-19,7.04E-19,0.00E+00
116,6.71E-19,6.71E-19,0.00E+00
116.1,6.37E-19,6.37E-19,0.00E+00
116.2,6.05E-19,6.05E-19,0.00E+00
116.3,5.73E-19,5.73E-19,0.00E+00
116.4,5.41E-19,5.41E-19,0.00E+00
116.5,5.20E-19,5.20E-19,0.00E+00
116.6,5.05E-19,5.05E-19,0.00E+00
116.7,4.91E-19,4.91E-19,0.00E+00
116.8,4.76E-19,4.76E-19,0.00E+00
116.9,4.62E-19,4.62E-19,0.00E+00
117,4.48E-19,4.48E-19,0.00E+00
117.1,4.35E-19,4.35E-19,0.00E+00
117.2,4.21E-19,4.21E-19,0.00E+00
117.3,4.08E-19,4.08E-19,0.00E+00
117.4,3.94E-19,3.94E-19,0.00E+00
117.5,3.83E-19,3.83E-19,0.00E+00
117.6,3.79E-19,3.79E-19,0.00E+00
117.7,3.75E-19,3.75E-19,0.00E+00
117.8,3.72E-19,3.72E-19,0.00E+00
117.9,3.68E-19,3.68E-19,0.00E+00
118,3.64E-19,3.64E-19,0.00E+00
118.1,3.60E-19,3.60E-19,0.00E+00
118.2,3.57E-19,3.57E-19,0.00E+00
118.3,3.53E-19,3.53E-19,0.00E+00
118.4,3.49E-19,3.49E-19,0.00E+00
118.5,3.48E-19,3.48E-19,0.00E+00
118.6,3.49E-19,3.49E-19,0.00E+00
118.7,3.51E-19,3.51E-19,0.00E+00
118.8,3.52E-19,3.52E-19,0.00E+00
118.9,3.53E-19,3.53E-19,0.00E+00
119,3.54E-19,3.54E-19,0.00E+00
119.1,3.55E-19,3.55E-19,0.00E+00
119.2,3.56E-19,3.56E-19,0.00E+00
119.3,3.57E-19,3.57E-19,0.00E+00
119.4,3.58E-19,3.58E-19,0.00E+00
119.5,3.60E-19,3.60E-19,0.00E+00
119.6,3.61E-19,3.61E-19,0.00E+00
119.7,3.62E-19,3.62E-19,0.00E+00
119.8,3.64E-19,3.64E-19,0.00E+00
119.9,3.65E-19,3.65E-19,0.00E+00
120,3.66E-19,3.66E-19,0.00E+00
120.1,3.67E-19,3.67E-19,0.00E+00
120.2,3.69E-19,3.69E-19,0.00E+00
120.3,3.68E-19,3.68E-19,0.00E+00
120.4,3.66E-19,3.66E-19,0.00E+00
120.5,3.64E-19,3.64E-19,0.00E+00
120.6,3.61E-19,3.61E-19,0.00E+00
120.7,3.59E-19,3.59E-19,0.00E+00
120.8,3.57E-19,3.57E-19,0.00E+00
120.9,3.55E-19,3.55E-19,0.00E+00
121,3.53E-19,3.53E-19,0.00E+00
121.1,3.51E-19,3.51E-19,0.00E+00
121.2,3.47E-19,3.47E-19,0.00E+00
121.3,3.42E-19,3.42E-19,0.00E+00
121.4,3.37E-19,3.37E-19,0.00E+00
121.5,3.32E-19,3.32E-19,0.00E+00
121.6,3.27E-19,2.99E-20,0.00E+00
121.7,3.22E-19,0.00E+00,0.00E+00
121.8,3.17E-19,0.00E+00,0.00E+00
121.9,3.12E-19,0.00E+00,0.00E+00
122,3.07E-19,0.00E+00,0.00E+00
122.1,3.02E-19,0.00E+00,0.00E+00
122.2,2.96E-19,0.00E+00,0.00E+00
122.3,2.90E-19,0.00E+00,0.00E+00
122.4,2.85E-19,0.00E+00,0.00E+00
122.5,2.79E-19,0.00E+00,0.00E+00
122.6,2.73E-19,0.00E+00,0.00E+00
122.7,2.68E-19,0.00E+00,0.00E+00
122.8,2.62E-19,0.00E+00,0.00E+00
122.9,2.57E-19,0.00E+00,0.00E+00
123,2.51E-19,0.00E+00,0.00E+00
123.1,2.46E-19,0.00E+00,0.00E+00
123.2,2.41E-19,0.00E+00,0.00E+00
123.3,2.36E-19,0.00E+00,0.00E+00
123.4,2.31E-19,0.00E+00,0.00E+00
123.5,2.26E-19,0.00E+00,0.00E+00
123.6,2.21E-19,0.00E+00,0.00E+00
123.7,2.16E-19,0.00E+00,0.00E+00
123.8,2.11E-19,0.00E+00,0.00E+00
123.9,2.07E-19,0.00E+00,0.00E+00
124,2.03E-19,0.00E+00,0.00E+00
124.1,1.99E-19,0.00E+00,0.00E+00
124.2,1.95E-19,0.00E+00,0.00E+00
124.3,1.91E-19,0.00E+00,0.00E+00
124.4,1.87E-19,0.00E+00,0.00E+00
124.5,1.83E-19,0.00E+00,0.00E+00
124.6,1.79E-19,0.00E+00,0.00E+00
124.7,1.75E-19,0.00E+00,0.00E+00
124.8,1.72E-19,0.00E+00,0.00E+00
124.9,1.69E-19,0.00E+00,0.00E+00
125,1.67E-19,0.00E+00,0.00E+00
125.1,1.64E-19,0.00E+00,0.00E+00
125.2,1.62E-19,0.00E+00,0.00E+00
125.3,1.59E-19,0.00E+00,0.00E+00
125.4,1.56E-19,0.00E+00,0.00E+00
125.5,1.54E-19,0.00E+00,0.00E+00
125.6,1.51E-19,0.00E+00,0.00E+00
125.7,1.48E-19,0.00E+00,0.00E+00
125.8,1.47E-19,0.00E+00,0.00E+00
125.9,1.45E-19,0.00E+00,0.00E+00
126,1.43E-19,0.00E+00,0.00E+00
126.1,1.42E-19,0.00E+00,0.00E+00
126.2,1.40E-19,0.00E+00,0.00E+00
126.3,1.38E-19,0.00E+00,0.00E+00
126.4,1.36E-19,0.00E+00,0.00E+00
126.5,1.35E-19,0.00E+00,0.00E+00
126.6,1.34E-19,0.00E+00,0.00E+00
126.7,1.33E-19,0.00E+00,0.00E+00
126.8,1.31E-19,0.00E+00,0.00E+00
126.9,1.30E-19,0.00E+00,0.00E+00
127,1.29E-19,0.00E+00,0.00E+00
127.1,1.28E-19,0.00E+00,0.00E+00
127.2,1.27E-19,0.00E+00,0.00E+00
127.3,1.26E-19,0.00E+00,0.00E+00
127.4,1.25E-19,0.00E+00,0.00E+00
127.5,1.24E-19,0.00E+00,0.00E+00
127.6,1.24E-19,0.00E+00,0.00E+00
127.7,1.23E-19,0.00E+00,0.00E+00
127.8,1.22E-19,0.00E+00,0.00E+00
127.9,1.21E-19,0.00E+00,0.00E+00
128,1.21E-19,0.00E+00,0.00E+00
128.1,1.20E-19,0.00E+00,0.00E+00
128.2,1.19E-19,0.00E+00,0.00E+00
128.3,1.19E-19,0.00E+00,0.00E+00
128.4,1.19E-19,0.00E+00,0.00E+00
128.5,1.18E-19,0.00E+00,0.00E+00
128.6,1.18E-19,0.00E+00,0.00E+00
128.7,1.17E-19,0.00E+00,0.00E+00
128.8,1.17E-19,0.00E+00,0.00E+00
128.9,1.16E-19,0.00E+00,0.00E+00
129,1.16E-19,0.00E+00,0.00E+00
129.1,1.16E-19,0.00E+00,0.00E+00
129.2,1.16E-19,0.00E+00,0.00E+00
129.3,1.15E-19,0.00E+00,0.00E+00
129.4,1.15E-19,0.00E+00,0.00E+00
129.5,1.15E-19,0.00E+00,0.00E+00
129.6,1.15E-19,0.00E+00,0.00E+00
129.7,1.14E-19,0.00E+00,0.00E+00
129.8,1.14E-19,0.00E+00,0.00E+00
129.9,1.14E-19,0.00E+00,0.00E+00
130,1.14E-19,0.00E+00,0.00E+00
130.1,1.14E-19,0.00E+00,0.00E+00
130.2,1.14E-19,0.00E+00,0.00E+00
130.3,1.14E-19,0.00E+00,0.00E+00
130.4,1.14E-19,0.00E+00,0.00E+00
130.5,1.14E-19,0.00E+00,0.00E+00
130.6,1.14E-19,0.00E+00,0.00E+00
130.7,1.14E-19,0.00E+00,0.00E+00
130.8,1.14E-19,0.00E+00,0.00E+00
130.9,1.14E-19,0.00E+00,0.00E+00
131,1.14E-19,0.00E+00,0.00E+00
131.1,1.14E-19,0.00E+00,0.00E+00
131.2,1.15E-19,0.00E+00,0.00E+00
131.3,1.15E-19,0.00E+00,0.00E+00
131.4,1.15E-19,0.00E+00,0.00E+00
131.5,1.15E-19,0.00E+00,0.00E+00
131.6,1.15E-19,0.00E+00,0.00E+00
131.7,1.16E-19,0.00E+00,0.00E+00
131.8,1.16E-19,0.00E+00,0.00E+00
131.9,1.16E-19,0.00E+00,0.00E+00
132,1.16E-19,0.00E+00,0.00E+00
132.1,1.17E-19,0.00E+00,0.00E+00
132.2,1.17E-19,0.00E+00,0.00E+00
132.3,1.18E-19,0.00E+00,0.00E+00
132.4,1.18E-19,0.00E+00,0.00E+00
132.5,1.18E-19,0.00E+00,0.00E+00
132.6,1.19E-19,0.00E+00,0.00E+00
132.7,1.19E-19,0.00E+00,0.00E+00
132.8,1.19E-19,0.00E+00,0.00E+00
132.9,1.20E-19,0.00E+00,0.00E+00
133,1.20E-19,0.00E+00,0.00E+00
133.1,1.21E-19,0.00E+00,0.00E+00
133.2,1.21E-19,0.00E+00,0.00E+00
133.3,1.21E-19,0.00E+00,0.00E+00
133.4,1.22E-19,0.00E+00,0.00E+00
133.5,1.23E-19,0.00E+00,0.00E+00
133.6,1.23E-19,0.00E+00,0.00E+00
133.7,1.24E-19,0.00E+00,0.00E+00
133.8,1.24E-19,0.00E+00,0.00E+00
133.9,1.25E-19,0.00E+00,0.00E+00
134,1.25E-19,0.00E+00,0.00E+00
134.1,1.26E-19,0.00E+00,0.00E+00
134.2,1.27E-19,0.00E+00,0.00E+00
134.3,1.27E-19,0.00E+00,0.00E+00
134.4,1.28E-19,0.00E+00,0.00E+00
134.5,1.28E-19,0.00E+00,0.00E+00
134.6,1.29E-19,0.00E+00,0.00E+00
134.7,1.29E-19,0.00E+00,0.00E+00
134.8,1.30E-19,0.00E+00,0.00E+00
134.9,1.31E-19,0.00E+00,0.00E+00
135,1.31E-19,0.00E+00,0.00E+00
135.1,1.32E-19,0.00E+00,0.00E+00
135.2,1.33E-19,0.00E+00,0.00E+00
135.3,1.34E-19,0.00E+00,0.00E+00
135.4,1.34E-19,0.00E+00,0.00E+00
135.5,1.35E-19,0.00E+00,0.00E+00
135.6,1.36E-19,0.00E+00,0.00E+00
135.7,1.36E-19,0.00E+00,0.00E+00
135.8,1.37E-19,0.00E+00,0.00E+00
135.9,1.38E-19,0.00E+00,0.00E+00
136,1.39E-19,0.00E+00,0.00E+00
136.1,1.39E-19,0.00E+00,0.00E+00
136.2,1.40E-19,0.00E+00,0.00E+00
136.3,1.41E-19,0.00E+00,0.00E+00
136.4,1.42E-19,0.00E+00,0.00E+00
136.5,1.42E-19,0.00E+00,0.00E+00
136.6,1.43E-19,0.00E+00,0.00E+00
136.7,1.44E-19,0.00E+00,0.00E+00
136.8,1.45E-19,0.00E+00,0.00E+00
136.9,1.46E-19,0.00E+00,0.00E+00
137,1.46E-19,0.00E+00,0.00E+00
137.1,1.47E-19,0.00E+00,0.00E+00
137.2,1.48E-19,0.00E+00,0.00E+00
137.3,1.49E-19,0.00E+00,0.00E+00
137.4,1.50E-19,0.00E+00,0.00E+00
137.5,1.51E-19,0.00E+00,0.00E+00
137.6,1.52E-19,0.00E+00,0.00E+00
137.7,1.52E-19,0.00E+00,0.00E+00
137.8,1.53E-19,0.00E+00,0.00E+00
137.9,1.54E-19,0.00E+00,0.00E+00
138,1.55E-19,0.00E+00,0.00E+00
138.1,1.56E-19,0.00E+00,0.00E+00
138.2,1.57E-19,0.00E+00,0.00E+00
138.3,1.58E-19,0.00E+00,0.00E+00
138.4,1.59E-19,0.00E+00,0.00E+00
138.5,1.60E-19,0.00E+00,0.00E+00
138.6,1.61E-19,0.00E+00,0.00E+00
138.7,1.62E-19,0.00E+00,0.00E+00
138.8,1.63E-19,0.00E+00,0.00E+00
138.9,1.64E-19,0.00E+00,0.00E+00
139,1.65E-19,0.00E+00,0.00E+00
139.1,1.66E-19,0.00E+00,0.00E+00
139.2,1.67E-19,0.00E+00,0.00E+00
139.3,1.68E-19,0.00E+00,0.00E+00
139.4,1.69E-19,0.00E+00,0.00E+00
139.5,1.70E-19,0.00E+00,0.00E+00
139.6,1.71E-19,0.00E+00,0.00E+00
139.7,1.72E-19,0.00E+00,0.00E+00
139.8,1.73E-19,0.00E+00,0.00E+00
139.9,1.74E-19,0.00E+00,0.00E+00
140,1.75E-19,0.00E+00,0.00E+00
140.1,1.76E-19,0.00E+00,0.00E+00
140.2,1.77E-19,0.00E+00,0.00E+00
140.3,1.78E-19,0.00E+00,0.00E+00
140.4,1.79E-19,0.00E+00,0.00E+00
140.5,1.80E-19,0.00E+00,0.00E+00
140.6,1.82E-19,0.00E+00,0.00E+00
140.7,1.83E-19,0.00E+00,0.00E+00
140.8,1.84E-19,0.00E+00,0.00E+00
140.9,1.85E-19,0.00E+00,0.00E+00
141,1.86E-19,0.00E+00,0.00E+00
141.1,1.87E-19,0.00E+00,0.00E+00
141.2,1.88E-19,0.00E+00,0.00E+00
141.3,1.89E-19,0.00E+00,0.00E+00
141.4,1.91E-19,0.00E+00,0.00E+00
141.5,1.92E-19,0.00E+00,0.00E+00
141.6,1.93E-19,0.00E+00,0.00E+00
141.7,1.94E-19,0.00E+00,0.00E+00
141.8,1.96E-19,0.00E+00,0.00E+00
141.9,1.97E-19,0.00E+00,0.00E+00
142,1.98E-19,0.00E+00,0.00E+00
142.1,1.99E-19,0.00E+00,0.00E+00
142.2,2.01E-19,0.00E+00,0.00E+00
142.3,2.02E-19,0.00E+00,0.00E+00
142.4,2.03E-19,0.00E+00,0.00E+00
142.5,2.04E-19,0.00E+00,0.00E+00
142.6,2.06E-19,0.00E+00,0.00E+00
142.7,2.07E-19,0.00E+00,0.00E+00
142.8,2.08E-19,0.00E+00,0.00E+00
142.9,2.10E-19,0.00E+00,0.00E+00
143,2.11E-19,0.00E+00,0.00E+00
143.1,2.12E-19,0.00E+00,0.00E+00
143.2,2.14E-19,0.00E+00,0.00E+00
143.3,2.15E-19,0.00E+00,0.00E+00
143.4,2.16E-19,0.00E+00,0.00E+00
143.5,2.18E-19,0.00E+00,0.00E+00
143.6,2.19E-19,0.00E+00,0.00E+00
143.7,2.21E-19,0.00E+00,0.00E+00
143.8,2.22E-19,0.00E+00,0.00E+00
143.9,2.23E-19,0.00E+00,0.00E+00
144,2.25E-19,0.00E+00,0.00E+00
144.1,2.26E-19,0.00E+00,0.00E+00
144.2,2.28E-19,0.00E+00,0.00E+00
144.3,2.29E-19,0.00E+00,0.00E+00
144.4,2.30E-19,0.00E+00,0.00E+00
144.5,2.32E-19,0.00E+00,0.00E+00
144.6,2.33E-19,0.00E+00,0.00E+00
144.7,2.35E-19,0.00E+00,0.00E+00
144.8,2.36E-19,0.00E+00,0.00E+00
144.9,2.38E-19,0.00E+00,0.00E+00
145,2.39E-19,0.00E+00,0.00E+00
145.1,2.41E-19,0.00E+00,0.00E+00
145.2,2.42E-19,0.00E+00,0.00E+00
145.3,2.44E-19,0.00E+00,0.00E+00
145.4,2.45E-19,0.00E+00,0.00E+00
145.5,2.47E-19,0.00E+00,0.00E+00
145.6,2.48E-19,0.00E+00,0.00E+00
145.7,2.50E-19,0.00E+00,0.00E+00
145.8,2.51E-19,0.00E+00,0.00E+00
145.9,2.53E-19,0.00E+00,0.00E+00
146,2.54E-19,0.00E+00,0.00E+00
146.1,2.56E-19,0.00E+00,0.00E+00
146.2,2.57E-19,0.00E+00,0.00E+00
146.3,2.59E-19,0.00E+00,0.00E+00
146.4,2.60E-19,0.00E+00,0.00E+00
146.5,2.62E-19,0.00E+00,0.00E+00
146.6,2.63E-19,0.00E+00,0.00E+00
146.7,2.65E-19,0.00E+00,0.00E+00
146.8,2.67E-19,0.00E+00,0.00E+00
146.9,2.68E-19,0.00E+00,0.00E+00
147,2.70E-19,0.00E+00,0.00E+00
147.1,2.71E-19,0.00E+00,0.00E+00
147.2,2.73E-19,0.00E+00,0.00E+00
147.3,2.74E-19,0.00E+00,0.00E+00
147.4,2.76E-19,0.00E+00,0.00E+00
147.5,2.78E-19,0.00E+00,0.00E+00
147.6,2.79E-19,0.00E+00,0.00E+00
147.7,2.81E-19,0.00E+00,0.00E+00
147.8,2.82E-19,0.00E+00,0.00E+00
147.9,2.84E-19,0.00E+00,0.00E+00
148,2.85E-19,0.00E+00,0.00E+00
148.1,2.87E-19,0.00E+00,0.00E+00
148.2,2.89E-19,0.00E+00,0.00E+00
148.3,2.90E-19,0.00E+00,0.00E+00
148.4,2.92E-19,0.00E+00,0.00E+00
148.5,2.93E-19,0.00E+00,0.00E+00
148.6,2.95E-19,0.00E+00,0.00E+00
148.7,2.97E-19,0.00E+00,0.00E+00
148.8,2.98E-19,0.00E+00,0.00E+00
148.9,3.00E-19,0.00E+00,0.00E+00
149,3.01E-19,0.00E+00,0.00E+00
149.1,3.03E-19,0.00E+00,0.00E+00
149.2,3.04E-19,0.00E+00,0.00E+00
149.3,3.06E-19,0.00E+00,0.00E+00
149.4,3.07E-19,0.00E+00,0.00E+00
149.5,3.09E-19,0.00E+00,0.00E+00
149.6,3.10E-19,0.00E+00,0.00E+00
149.7,3.12E-19,0.00E+00,0.00E+00
149.8,3.14E-19,0.00E+00,0.00E+00
149.9,3.15E-19,0.00E+00,0.00E+00
150,3.17E-19,0.00E+00,0.00E+00
150.1,3.18E-19,0.00E+00,0.00E+00
150.2,3.20E-19,0.00E+00,0.00E+00
150.3,3.21E-19,0.00E+00,0.00E+00
150.4,3.23E-19,0.00E+00,0.00E+00
150.5,3.24E-19,0.00E+00,0.00E+00
150.6,3.26E-19,0.00E+00,0.00E+00
150.7,3.27E-19,0.00E+00,0.00E+00
150.8,3.29E-19,0.00E+00,0.00E+00
150.9,3.30E-19,0.00E+00,0.00E+00
151,3.32E-19,0.00E+00,0.00E+00
151.1,3.33E-19,0.00E+00,0.00E+00
151.2,3.35E-19,0.00E+00,0.00E+00
151.3,3.36E-19,0.00E+00,0.00E+00
151.4,3.37E-19,0.00E+00,0.00E+00
151.5,3.39E-19,0.00E+00,0.00E+00
151.6,3.40E-19,0.00E+00,0.00E+00
151.7,3.41E-19,0.00E+00,0.00E+00
151.8,3.43E-19,0.00E+00,0.00E+00
151.9,3.44E-19,0.00E+00,0.00E+00
152,3.45E-19,0.00E+00,0.00E+00
152.1,3.47E-19,0.00E+00,0.00E+00
152.2,3.48E-19,0.00E+00,0.00E+00
152.3,3.50E-19,0.00E+00,0.00E+00
152.4,3.51E-19,0.00E+00,0.00E+00
152.5,3.52E-19,0.00E+00,0.00E+00
152.6,3.54E-19,0.00E+00,0.00E+00
152.7,3.55E-19,0.00E+00,0.00E+00
152.8,3.56E-19,0.00E+00,0.00E+00
152.9,3.57E-19,0.00E+00,0.00E+00
153,3.58E-19,0.00E+00,0.00E+00
153.1,3.59E-19,0.00E+00,0.00E+00
153.2,3.60E-19,0.00E+00,0.00E+00
153.3,3.62E-19,0.00E+00,0.00E+00
153.4,3.63E-19,0.00E+00,0.00E+00
153.5,3.64E-19,0.00E+00,0.00E+00
153.6,3.65E-19,0.00E+00,0.00E+00
153.7,3.66E-19,0.00E+00,0.00E+00
153.8,3.67E-19,0.00E+00,0.00E+00
153.9,3.68E-19,0.00E+00,0.00E+00
154,3.69E-19,0.00E+00,0.00E+00
154.1,3.70E-19,0.00E+00,0.00E+00
154.2,3.71E-19,0.00E+00,0.00E+00
154.3,3.72E-19,0.00E+00,0.00E+00
154.4,3.72E-19,0.00E+00,0.00E+00
154.5,3.73E-19,0.00E+00,0.00E+00
154.6,3.74E-19,0.00E+00,0.00E+00
154.7,3.75E-19,0.00E+00,0.00E+00
154.8,3.76E-19,0.00E+00,0.00E+00
154.9,3.77E-19,0.00E+00,0.00E+00
155,3.78E-19,0.00E+00,0.00E+00
155.1,3.78E-19,0.00E+00,0.00E+00
155.2,3.79E-19,0.00E+00,0.00E+00
155.3,3.79E-19,0.00E+00,0.00E+00
155.4,3.80E-19,0.00E+00,0.00E+00
155.5,3.80E-19,0.00E+00,0.00E+00
155.6,3.81E-19,0.00E+00,0.00E+00
155.7,3.81E-19,0.00E+00,0.00E+00
155.8,3.82E-19,0.00E+00,0.00E+00
155.9,3.82E-19,0.00E+00,0.00E+00
156,3.83E-19,0.00E+00,0.00E+00
156.1,3.83E-19,0.00E+00,0.00E+00
156.2,3.84E-19,0.00E+00,0.00E+00
156.3,3.84E-19,0.00E+00,0.00E+00
156.4,3.84E-19,0.00E+00,0.00E+00
156.5,3.84E-19,0.00E+00,0.00E+00
156.6,3.84E-19,0.00E+00,0.00E+00
156.7,3.84E-19,0.00E+00,0.00E+00
156.8,3.84E-19,0.00E+00,0.00E+00
156.9,3.84E-19,0.00E+00,0.00E+00
157,3.84E-19,0.00E+00,0.00E+00
157.1,3.85E-19,0.00E+00,0.00E+00
157.2,3.85E-19,0.00E+00,0.00E+00
157.3,3.85E-19,0.00E+00,0.00E+00
157.4,3.85E-19,0.00E+00,0.00E+00
157.5,3.84E-19,0.00E+00,0.00E+00
157.6,3.84E-19,0.00E+00,0.00E+00
157.7,3.83E-19,0.00E+00,0.00E+00
157.8,3.83E-19,0.00E+00,0.00E+00
157.9,3.83E-19,0.00E+00,0.00E+00
158,3.82E-19,0.00E+00,0.00E+00
158.1,3.82E-19,0.00E+00,0.00E+00
158.2,3.81E-19,0.00E+00,0.00E+00
158.3,3.81E-19,0.00E+00,0.00E+00
158.4,3.81E-19,0.00E+00,0.00E+00
158.5,3.80E-19,0.00E+00,0.00E+00
158.6,3.79E-19,0.00E+00,0.00E+00
158.7,3.78E-19,0.00E+00,0.00E+00
158.8,3.77E-19,0.00E+00,0.00E+00
158.9,3.77E-19,0.00E+00,0.00E+00
159,3.76E-19,0.00E+00,0.00E+00
159.1,3.75E-19,0.00E+00,0.00E+00
159.2,3.74E-19,0.00E+00,0.00E+00
159.3,3.73E-19,0.00E+00,0.00E+00
159.4,3.72E-19,0.00E+00,0.00E+00
159.5,3.71E-19,0.00E+00,0.00E+00
159.6,3.70E-19,0.00E+00,0.00E+00
159.7,3.69E-19,0.00E+00,0.00E+00
159.8,3.67E-19,0.00E+00,0.00E+00
159.9,3.66E-19,0.00E+00,0.00E+00
160,3.65E-19,0.00E+00,0.00E+00
160.1,3.63E-19,0.00E+00,0.00E+00
160.2,3.62E-19,0.00E+00,0.00E+00
160.3,3.61E-19,0.00E+00,0.00E+00
160.4,3.59E-19,0.00E+00,0.00E+00
160.5,3.58E-19,0.00E+00,0.00E+00
160.6,3.56E-19,0.00E+00,0.00E+00
160.7,3.54E-19,0.00E+00,0.00E+00
160.8,3.52E-19,0.00E+00,0.00E+00
160.9,3.51E-19,0.00E+00,0.00E+00
161,3.49E-19,0.00E+00,0.00E+00
161.1,3.47E-19,0.00E+00,0.00E+00
161.2,3.45E-19,0.00E+00,0.00E+00
161.3,3.43E-19,0.00E+00,0.00E+00
161.4,3.41E-19,0.00E+00,0.00E+00
161.5,3.39E-19,0.00E+00,0.00E+00
161.6,3.37E-19,0.00E+00,0.00E+00
161.7,3.35E-19,0.00E+00,0.00E+00
161.8,3.32E-19,0.00E+00,0.00E+00
161.9,3.30E-19,0.00E+00,0.00E+00
162,3.28E-19,0.00E+00,0.00E+00
162.1,3.26E-19,0.00E+00,0.00E+00
162.2,3.23E-19,0.00E+00,0.00E+00
162.3,3.21E-19,0.00E+00,0.00E+00
162.4,3.18E-19,0.00E+00,0.00E+00
162.5,3.16E-19,0.00E+00,0.00E+00
162.6,3.13E-19,0.00E+00,0.00E+00
162.7,3.10E-19,0.00E+00,0.00E+00
162.8,3.07E-19,0.00E+00,0.00E+00
162.9,3.05E-19,0.00E+00,0.00E+00
163,3.02E-19,0.00E+00,0.00E+00
163.1,2.99E-19,0.00E+00,0.00E+00
163.2,2.96E-19,0.00E+00,0.00E+00
163.3,2.93E-19,0.00E+00,0.00E+00
163.4,2.90E-19,0.00E+00,0.00E+00
163.5,2.87E-19,0.00E+00,0.00E+00
163.6,2.84E-19,0.00E+00,0.00E+00
163.7,2.81E-19,0.00E+00,0.00E+00
163.8,2.77E-19,0.00E+00,0.00E+00
163.9,2.74E-19,0.00E+00,0.00E+00
164,2.70E-19,0.00E+00,0.00E+00
164.1,2.67E-19,0.00E+00,0.00E+00
164.2,2.63E-19,0.00E+00,0.00E+00
164.3,2.60E-19,0.00E+00,0.00E+00
164.4,2.56E-19,0.00E+00,0.00E+00
164.5,2.53E-19,0.00E+00,0.00E+00
164.6,2.49E-19,0.00E+00,0.00E+00
164.7,2.45E-19,0.00E+00,0.00E+00
164.8,2.42E-19,0.00E+00,0.00E+00
164.9,2.38E-19,0.00E+00,0.00E+00
165,2.34E-19,0.00E+00,0.00E+00
165.1,2.30E-19,0.00E+00,0.00E+00
165.2,2.26E-19,0.00E+00,0.00E+00
165.3,2.23E-19,0.00E+00,0.00E+00
165.4,2.19E-19,0.00E+00,0.00E+00
165.5,2.15E-19,0.00E+00,0.00E+00
165.6,2.11E-19,0.00E+00,0.00E+00
165.7,2.07E-19,0.00E+00,0.00E+00
165.8,2.03E-19,0.00E+00,0.00E+00
165.9,2.00E-19,0.00E+00,0.00E+00
166,1.96E-19,0.00E+00,0.00E+00
166.1,1.92E-19,0.00E+00,0.00E+00
166.2,1.88E-19,0.00E+00,0.00E+00
166.3,1.84E-19,0.00E+00,0.00E+00
166.4,1.80E-19,0.00E+00,0.00E+00
166.5,1.77E-19,0.00E+00,0.00E+00
166.6,1.73E-19,0.00E+00,0.00E+00
166.7,1.69E-19,0.00E+00,0.00E+00
166.8,1.65E-19,0.00E+00,0.00E+00
166.9,1.61E-19,0.00E+00,0.00E+00
167,1.58E-19,0.00E+00,0.00E+00
167.1,1.54E-19,0.00E+00,0.00E+00
167.2,1.49E-19,0.00E+00,0.00E+00
167.3,1.44E-19,0.00E+00,0.00E+00
167.4,1.40E-19,0.00E+00,0.00E+00
167.5,1.34E-19,0.00E+00,0.00E+00
167.6,1.27E-19,0.00E+00,0.00E+00
167.7,1.20E-19,0.00E+00,0.00E+00
167.8,1.13E-19,0.00E+00,0.00E+00
167.9,1.05E-19,0.00E+00,0.00E+00
168,9.78E-20,0.00E+00,0.00E+00
168.1,9.09E-20,0.00E+00,0.00E+00
168.2,8.40E-20,0.00E+00,0.00E+00
168.3,7.81E-20,0.00E+00,0.00E+00
168.4,7.30E-20,0.00E+00,0.00E+00
168.5,6.79E-20,0.00E+00,0.00E+00
168.6,6.33E-20,0.00E+00,0.00E+00
168.7,5.98E-20,0.00E+00,0.00E+00
168.8,5.64E-20,0.00E+00,0.00E+00
168.9,5.30E-20,0.00E+00,0.00E+00
169,5.00E-20,0.00E+00,0.00E+00
169.1,4.75E-20,0.00E+00,0.00E+00
169.2,4.52E-20,0.00E+00,0.00E+00
169.3,4.30E-20,0.00E+00,0.00E+00
169.4,4.12E-20,0.00E+00,0.00E+00
169.5,3.99E-20,0.00E+00,0.00E+00
169.6,3.86E-20,0.00E+00,0.00E+00
169.7,4.06E-20,0.00E+00,0.00E+00
169.8,4.77E-20,0.00E+00,0.00E+00
169.9,3.06E-20,0.00E+00,0.00E+00
170,1.76E-20,0.00E+00,0.00E+00
170.1,1.62E-20,0.00E+00,0.00E+00
170.2,1.49E-20,0.00E+00,0.00E+00
170.3,1.37E-20,0.00E+00,0.00E+00
170.4,1.29E-20,0.00E+00,0.00E+00
170.5,1.30E-20,0.00E+00,0.00E+00
170.6,1.73E-20,0.00E+00,0.00E+00
170.7,7.08E-23,0.00E+00,0.00E+00
170.8,7.12E-23,0.00E+00,0.00E+00
170.9,7.16E-23,0.00E+00,0.00E+00
171,7.20E-23,0.00E+00,0.00E+00
171.1,7.24E-23,0.00E+00,0.00E+00
171.2,7.28E-23,0.00E+00,0.00E+00
171.3,7.32E-23,0.00E+00,0.00E+00
171.4,7.36E-23,0.00E+00,0.00E+00
171.5,7.40E-23,0.00E+00,0.00E+00
171.6,7.44E-23,0.00E+00,0.00E+00
171.7,7.48E-23,0.00E+00,0.00E+00
171.8,7.52E-23,0.00E+00,0.00E+00
171.9,7.56E-23,0.00E+00,0.00E+00
172,7.60E-23,0.00E+00,0.00E+00
172.1,7.64E-23,0.00E+00,0.00E+00
172.2,7.63E-23,0.00E+00,0.00E+00
172.3,7.61E-23,0.00E+00,0.00E+00
172.4,7.58E-23,0.00E+00,0.00E+00
172.5,7.56E-23,0.00E+00,0.00E+00
172.6,7.53E-23,0.00E+00,0.00E+00
172.7,7.51E-23,0.00E+00,0.00E+00
172.8,7.48E-23,0.00E+00,0.00E+00
172.9,7.46E-23,0.00E+00,0.00E+00
173,7.43E-23,0.00E+00,0.00E+00
173.1,7.40E-23,0.00E+00,0.00E+00
173.2,7.38E-23,0.00E+00,0.00E+00
173.3,7.35E-23,0.00E+00,0.00E+00
173.4,7.33E-23,0.00E+00,0.00E+00
173.5,7.29E-23,0.00E+00,0.00E+00
173.6,7.19E-23,0.00E+00,0.00E+00
173.7,7.10E-23,0.00E+00,0.00E+00
173.8,7.01E-23,0.00E+00,0.00E+00
173.9,6.91E-23,0.00E+00,0.00E+00
174,6.82E-23,0.00E+00,0.00E+00
174.1,6.73E-23,0.00E+00,0.00E+00
174.2,6.64E-23,0.00E+00,0.00E+00
174.3,6.54E-23,0.00E+00,0.00E+00
174.4,6.45E-23,0.00E+00,0.00E+00
174.5,6.36E-23,0.00E+00,0.00E+00
174.6,6.27E-23,0.00E+00,0.00E+00
174.7,6.15E-23,0.00E+00,0.00E+00
174.8,6.01E-23,0.00E+00,0.00E+00
174.9,5.87E-23,0.00E+00,0.00E+00
175,5.73E-23,0.00E+00,0.00E+00
175.1,5.59E-23,0.00E+00,0.00E+00
175.2,5.45E-23,0.00E+00,0.00E+00
175.3,5.31E-23,0.00E+00,0.00E+00
175.4,5.18E-23,0.00E+00,0.00E+00
175.5,5.04E-23,0.00E+00,0.00E+00
175.6,4.90E-23,0.00E+00,0.00E+00
175.7,4.75E-23,0.00E+00,0.00E+00
175.8,4.59E-23,0.00E+00,0.00E+00
175.9,4.44E-23,0.00E+00,0.00E+00
176,4.28E-23,0.00E+00,0.00E+00
176.1,4.12E-23,0.00E+00,0.00E+00
176.2,3.96E-23,0.00E+00,0.00E+00
176.3,3.81E-23,0.00E+00,0.00E+00
176.4,3.65E-23,0.00E+00,0.00E+00
176.5,3.49E-23,0.00E+00,0.00E+00
176.6,3.34E-23,0.00E+00,0.00E+00
176.7,3.18E-23,0.00E+00,0.00E+00
176.8,3.03E-23,0.00E+00,0.00E+00
176.9,2.88E-23,0.00E+00,0.00E+00
177,2.72E-23,0.00E+00,0.00E+00
177.1,2.57E-23,0.00E+00,0.00E+00
177.2,2.41E-23,0.00E+00,0.00E+00
177.3,2.27E-23,0.00E+00,0.00E+00
177.4,2.13E-23,0.00E+00,0.00E+00
177.5,1.99E-23,0.00E+00,0.00E+00
177.6,1.86E-23,0.00E+00,0.00E+00
177.7,1.72E-23,0.00E+00,0.00E+00
177.8,1.58E-23,0.00E+00,0.00E+00
177.9,1.45E-23,0.00E+00,0.00E+00
178,1.34E-23,0.00E+00,0.00E+00
178.1,1.23E-23,0.00E+00,0.00E+00
178.2,1.12E-23,0.00E+00,0.00E+00
178.3,1.01E-23,0.00E+00,0.00E+00
178.4,8.95E-24,0.00E+00,0.00E+00
178.5,8.04E-24,0.00E+00,0.00E+00
178.6,7.21E-24,0.00E+00,0.00E+00
178.7,6.38E-24,0.00E+00,0.00E+00
178.8,5.55E-24,0.00E+00,0.00E+00
178.9,4.77E-24,0.00E+00,0.00E+00
179,4.19E-24,0.00E+00,0.00E+00
179.1,3.63E-24,0.00E+00,0.00E+00
179.2,3.08E-24,0.00E+00,0.00E+00
179.3,2.54E-24,0.00E+00,0.00E+00
179.4,2.17E-24,0.00E+00,0.00E+00
179.5,1.84E-24,0.00E+00,0.00E+00
179.6,1.51E-24,0.00E+00,0.00E+00
179.7,1.21E-24,0.00E+00,0.00E+00
179.8,1.02E-24,0.00E+00,0.00E+00
179.9,8.50E-25,0.00E+00,0.00E+00
180,6.85E-25,0.00E+00,0.00E+00
180.1,5.34E-25,0.00E+00,0.00E+00
180.2,4.52E-25,0.00E+00,0.00E+00
180.3,3.80E-25,0.00E+00,0.00E+00
180.4,3.08E-25,0.00E+00,0.00E+00
180.5,2.41E-25,0.00E+00,0.00E+00
180.6,2.05E-25,0.00E+00,0.00E+00
180.7,1.76E-25,0.00E+00,0.00E+00
180.8,1.46E-25,0.00E+00,0.00E+00
180.9,1.17E-25,0.00E+00,0.00E+00
181,9.79E-26,0.00E+00,0.00E+00
181.1,8.53E-26,0.00E+00,0.00E+00
181.2,7.28E-26,0.00E+00,0.00E+00
181.3,6.02E-26,0.00E+00,0.00E+00
181.4,4.94E-26,0.00E+00,0.00E+00
181.5,4.33E-26,0.00E+00,0.00E+00
181.6,3.77E-26,0.00E+00,0.00E+00
181.7,3.21E-26,0.00E+00,0.00E+00
181.8,2.66E-26,0.00E+00,0.00E+00
181.9,2.27E-26,0.00E+00,0.00E+00
182,2.01E-26,0.00E+00,0.00E+00
182.1,1.75E-26,0.00E+00,0.00E+00
182.2,1.49E-26,0.00E+00,0.00E+00
182.3,1.24E-26,0.00E+00,0.00E+00
182.4,1.10E-26,0.00E+00,0.00E+00
182.5,9.71E-27,0.00E+00,0.00E+00
182.6,8.43E-27,0.00E+00,0.00E+00
182.7,7.16E-27,0.00E+00,0.00E+00
182.8,6.13E-27,0.00E+00,0.00E+00
182.9,5.48E-27,0.00E+00,0.00E+00
183,4.84E-27,0.00E+00,0.00E+00
183.1,4.19E-27,0.00E+00,0.00E+00
183.2,3.57E-27,0.00E+00,0.00E+00
183.3,3.16E-27,0.00E+00,0.00E+00
183.4,2.82E-27,0.00E+00,0.00E+00
183.5,2.48E-27,0.00E+00,0.00E+00
183.6,2.15E-27,0.00E+00,0.00E+00
183.7,1.88E-27,0.00E+00,0.00E+00
183.8,1.69E-27,0.00E+00,0.00E+00
183.9,1.51E-27,0.00E+00,0.00E+00
184,1.33E-27,0.00E+00,0.00E+00
184.1,1.17E-27,0.00E+00,0.00E+00
184.2,1.07E-27,0.00E+00,0.00E+00
184.3,9.70E-28,0.00E+00,0.00E+00
184.4,8.72E-28,0.00E+00,0.00E+00
184.5,7.85E-28,0.00E+00,0.00E+00
184.6,7.30E-28,0.00E+00,0.00E+00
184.7,6.73E-28,0.00E+00,0.00E+00
184.8,6.19E-28,0.00E+00,0.00E+00
184.9,5.80E-28,0.00E+00,0.00E+00
185,5.46E-28,0.00E+00,0.00E+00
185.1,5.19E-28,0.00E+00,0.00E+00
185.2,4.89E-28,0.00E+00,0.00E+00
185.3,4.73E-28,0.00E+00,0.00E+00
185.4,4.60E-28,0.00E+00,0.00E+00
185.5,4.46E-28,0.00E+00,0.00E+00
185.6,4.40E-28,0.00E+00,0.00E+00
185.7,4.34E-28,0.00E+00,0.00E+00
185.8,4.26E-28,0.00E+00,0.00E+00
185.9,4.24E-28,0.00E+00,0.00E+00
186,4.26E-28,0.00E+00,0.00E+00
186.1,4.24E-28,0.00E+00,0.00E+00
186.2,4.30E-28,0.00E+00,0.00E+00
186.3,4.30E-28,0.00E+00,0.00E+00
186.4,4.34E-28,0.00E+00,0.00E+00
186.5,4.36E-28,0.00E+00,0.00E+00
186.6,4.42E-28,0.00E+00,0.00E+00
186.7,4.48E-28,0.00E+00,0.00E+00
186.8,4.54E-28,0.00E+00,0.00E+00
186.9,4.58E-28,0.00E+00,0.00E+00
187,4.61E-28,0.00E+00,0.00E+00
187.1,4.69E-28,0.00E+00,0.00E+00
187.2,4.75E-28,0.00E+00,0.00E+00
187.3,4.81E-28,0.00E+00,0.00E+00
187.4,4.85E-28,0.00E+00,0.00E+00
187.5,4.91E-28,0.00E+00,0.00E+00
187.6,4.97E-28,0.00E+00,0.00E+00
187.7,5.03E-28,0.00E+00,0.00E+00
187.8,5.07E-28,0.00E+00,0.00E+00
187.9,5.13E-28,0.00E+00,0.00E+00
188,5.19E-28,0.00E+00,0.00E+00
188.1,5.25E-28,0.00E+00,0.00E+00
188.2,5.31E-28,0.00E+00,0.00E+00
188.3,5.34E-28,0.00E+00,0.00E+00
188.4,5.42E-28,0.00E+00,0.00E+00
188.5,5.46E-28,0.00E+00,0.00E+00
188.6,5.52E-28,0.00E+00,0.00E+00
188.7,5.66E-28,0.00E+00,0.00E+00
188.8,5.76E-28,0.00E+00,0.00E+00
188.9,5.88E-28,0.00E+00,0.00E+00
189,6.00E-28,0.00E+00,0.00E+00
189.1,6.09E-28,0.00E+00,0.00E+00
189.2,6.21E-28,0.00E+00,0.00E+00
189.3,6.33E-28,0.00E+00,0.00E+00
189.4,6.45E-28,0.00E+00,0.00E+00
189.5,6.57E-28,0.00E+00,0.00E+00
189.6,6.69E-28,0.00E+00,0.00E+00
189.7,6.88E-28,0.00E+00,0.00E+00
189.8,7.06E-28,0.00E+00,0.00E+00
189.9,7.22E-28,0.00E+00,0.00E+00
190,7.40E-28,0.00E+00,0.00E+00
190.1,7.55E-28,0.00E+00,0.00E+00
190.2,7.75E-28,0.00E+00,0.00E+00
190.3,7.93E-28,0.00E+00,0.00E+00
190.4,8.09E-28,0.00E+00,0.00E+00
190.5,8.22E-28,0.00E+00,0.00E+00
190.6,8.40E-28,0.00E+00,0.00E+00
190.7,8.58E-28,0.00E+00,0.00E+00
190.8,8.76E-28,0.00E+00,0.00E+00
190.9,8.89E-28,0.00E+00,0.00E+00
191,9.09E-28,0.00E+00,0.00E+00
191.1,9.27E-28,0.00E+00,0.00E+00
191.2,9.43E-28,0.00E+00,0.00E+00
191.3,9.58E-28,0.00E+00,0.00E+00
191.4,9.76E-28,0.00E+00,0.00E+00
191.5,9.94E-28,0.00E+00,0.00E+00
191.6,1.01E-27,0.00E+00,0.00E+00
191.7,1.03E-27,0.00E+00,0.00E+00
191.8,1.05E-27,0.00E+00,0.00E+00
191.9,1.06E-27,0.00E+00,0.00E+00
192,1.08E-27,0.00E+00,0.00E+00
192.1,1.09E-27,0.00E+00,0.00E+00
192.2,1.11E-27,0.00E+00,0.00E+00
192.3,1.13E-27,0.00E+00,0.00E+00
192.4,1.15E-27,0.00E+00,0.00E+00
192.5,1.16E-27,0.00E+00,0.00E+00
192.6,1.18E-27,0.00E+00,0.00E+00
192.7,1.19E-27,0.00E+00,0.00E+00
192.8,1.21E-27,0.00E+00,0.00E+00
192.9,1.23E-27,0.00E+00,0.00E+00
193,1.24E-27,0.00E+00,0.00E+00
193.1,1.26E-27,0.00E+00,0.00E+00
193.2,1.28E-27,0.00E+00,0.00E+00
193.3,1.29E-27,0.00E+00,0.00E+00
193.4,1.31E-27,0.00E+00,0.00E+00
193.5,1.33E-27,0.00E+00,0.00E+00
193.6,1.34E-27,0.00E+00,0.00E+00
193.7,1.36E-27,0.00E+00,0.00E+00
193.8,1.37E-27,0.00E+00,0.00E+00
193.9,1.39E-27,0.00E+00,0.00E+00
194,1.41E-27,0.00E+00,0.00E+00
194.1,1.42E-27,0.00E+00,0.00E+00
194.2,1.44E-27,0.00E+00,0.00E+00
194.3,1.45E-27,0.00E+00,0.00E+00
194.4,1.47E-27,0.00E+00,0.00E+00
194.5,1.49E-27,0.00E+00,0.00E+00
194.6,1.51E-27,0.00E+00,0.00E+00
194.7,1.52E-27,0.00E+00,0.00E+00
194.8,1.54E-27,0.00E+00,0.00E+00
194.9,1.57E-27,0.00E+00,0.00E+00
195,1.60E-27,0.00E+00,0.00E+00
195.1,1.64E-27,0.00E+00,0.00E+00
195.2,1.67E-27,0.00E+00,0.00E+00
195.3,1.70E-27,0.00E+00,0.00E+00
195.4,1.74E-27,0.00E+00,0.00E+00
195.5,1.77E-27,0.00E+00,0.00E+00
195.6,1.81E-27,0.00E+00,0.00E+00
195.7,1.84E-27,0.00E+00,0.00E+00
195.8,1.87E-27,0.00E+00,0.00E+00
195.9,1.91E-27,0.00E+00,0.00E+00
196,1.94E-27,0.00E+00,0.00E+00
196.1,1.97E-27,0.00E+00,0.00E+00
196.2,2.00E-27,0.00E+00,0.00E+00
196.3,2.04E-27,0.00E+00,0.00E+00
196.4,2.07E-27,0.00E+00,0.00E+00
196.5,2.10E-27,0.00E+00,0.00E+00
196.6,2.14E-27,0.00E+00,0.00E+00
196.7,2.17E-27,0.00E+00,0.00E+00
196.8,2.20E-27,0.00E+00,0.00E+00
196.9,2.23E-27,0.00E+00,0.00E+00
197,2.27E-27,0.00E+00,0.00E+00
197.1,2.30E-27,0.00E+00,0.00E+00
197.2,2.34E-27,0.00E+00,0.00E+00
197.3,2.37E-27,0.00E+00,0.00E+00
197.4,2.40E-27,0.00E+00,0.00E+00
197.5,2.44E-27,0.00E+00,0.00E+00
197.6,2.48E-27,0.00E+00,0.00E+00
197.7,2.53E-27,0.00E+00,0.00E+00
197.8,2.57E-27,0.00E+00,0.00E+00
197.9,2.62E-27,0.00E+00,0.00E+00
198,2.67E-27,0.00E+00,0.00E+00
198.1,2.72E-27,0.00E+00,0.00E+00
198.2,2.77E-27,0.00E+00,0.00E+00
198.3,2.81E-27,0.00E+00,0.00E+00
198.4,2.86E-27,0.00E+00,0.00E+00
198.5,2.91E-27,0.00E+00,0.00E+00
198.6,2.95E-27,0.00E+00,0.00E+00
198.7,3.00E-27,0.00E+00,0.00E+00
198.8,3.05E-27,0.00E+00,0.00E+00
198.9,3.09E-27,0.00E+00,0.00E+00
199,3.14E-27,0.00E+00,0.00E+00
199.1,3.19E-27,0.00E+00,0.00E+00
199.2,3.24E-27,0.00E+00,0.00E+00
199.3,3.28E-27,0.00E+00,0.00E+00
199.4,3.33E-27,0.00E+00,0.00E+00
199.5,3.38E-27,0.00E+00,0.00E+00
199.6,3.42E-27,0.00E+00,0.00E+00
199.7,3.47E-27,0.00E+00,0.00E+00
199.8,3.51E-27,0.00E+00,0.00E+00
199.9,3.56E-27,0.00E+00,0.00E+00
200,3.61E-27,0.00E+00,0.00E+00
200.1,3.66E-27,0.00E+00,0.00E+00
200.2,3.70E-27,0.00E+00,0.00E+00
200.3,3.75E-27,0.00E+00,0.00E+00
200.4,3.79E-27,0.00E+00,0.00E+00
200.5,3.84E-27,0.00E+00,0.00E+00
200.6,3.89E-27,0.00E+00,0.00E+00
200.7,3.93E-27,0.00E+00,0.00E+00
200.8,3.98E-27,0.00E+00,0.00E+00
200.9,4.03E-27,0.00E+00,0.00E+00
201,4.07E-27,0.00E+00,0.00E+00
201.1,4.12E-27,0.00E+00,0.00E+00
201.2,4.19E-27,0.00E+00,0.00E+00
201.3,4.28E-27,0.00E+00,0.00E+00
201.4,4.37E-27,0.00E+00,0.00E+00
201.5,4.47E-27,0.00E+00,0.00E+00
201.6,4.57E-27,0.00E+00,0.00E+00
201.7,4.66E-27,0.00E+00,0.00E+00
201.8,4.75E-27,0.00E+00,0.00E+00
201.9,4.85E-27,0.00E+00,0.00E+00
202,4.94E-27,0.00E+00,0.00E+00
202.1,5.04E-27,0.00E+00,0.00E+00
202.2,5.13E-27,0.00E+00,0.00E+00
202.3,5.22E-27,0.00E+00,0.00E+00
202.4,5.32E-27,0.00E+00,0.00E+00
202.5,5.41E-27,0.00E+00,0.00E+00
202.6,5.51E-27,0.00E+00,0.00E+00
202.7,5.60E-27,0.00E+00,0.00E+00
202.8,5.69E-27,0.00E+00,0.00E+00
202.9,5.79E-27,0.00E+00,0.00E+00
203,5.88E-27,0.00E+00,0.00E+00
203.1,5.97E-27,0.00E+00,0.00E+00
203.2,6.06E-27,0.00E+00,0.00E+00
203.3,6.16E-27,0.00E+00,0.00E+00
203.4,6.25E-27,0.00E+00,0.00E+00
203.5,6.34E-27,0.00E+00,0.00E+00
203.6,6.44E-27,0.00E+00,0.00E+00
203.7,6.53E-27,0.00E+00,0.00E+00
203.8,6.62E-27,0.00E+00,0.00E+00
203.9,6.71E-27,0.00E+00,0.00E+00
204,6.81E-27,0.00E+00,0.00E+00
204.1,6.90E-27,0.00E+00,0.00E+00
204.2,6.99E-27,0.00E+00,0.00E+00
204.3,7.08E-27,0.00E+00,0.00E+00
204.4,7.17E-27,0.00E+00,0.00E+00
204.5,7.27E-27,0.00E+00,0.00E+00
204.6,7.36E-27,0.00E+00,0.00E+00
204.7,7.45E-27,0.00E+00,0.00E+00
204.8,7.54E-27,0.00E+00,0.00E+00
204.9,7.63E-27,0.00E+00,0.00E+00
205,7.72E-27,0.00E+00,0.00E+00
205.1,7.82E-27,0.00E+00,0.00E+00
205.2,7.91E-27,0.00E+00,0.00E+00
205.3,8.00E-27,0.00E+00,0.00E+00
205.4,8.09E-27,0.00E+00,0.00E+00
205.5,8.18E-27,0.00E+00,0.00E+00
205.6,8.27E-27,0.00E+00,0.00E+00
205.7,8.36E-27,0.00E+00,0.00E+00
205.8,8.45E-27,0.00E+00,0.00E+00
205.9,8.57E-27,0.00E+00,0.00E+00
206,8.70E-27,0.00E+00,0.00E+00
206.1,8.82E-27,0.00E+00,0.00E+00
206.2,8.95E-27,0.00E+00,0.00E+00
206.3,9.08E-27,0.00E+00,0.00E+00
206.4,9.21E-27,0.00E+00,0.00E+00
206.5,9.33E-27,0.00E+00,0.00E+00
206.6,9.43E-27,0.00E+00,0.00E+00
